<?xml version="1.0" encoding="UTF-8"?>
<examples>
  <!-- TODO add back in when there are enough samples to justify tags
  <tagDescription>
    <name>Simple Robot</name>
    <description>Examples for simple robot programs.</description>
  </tagDescription>
  <tagDescription>
    <name>Network Tables</name>
    <description>Examples of how to use Network Tables to accomplish a
    variety of tasks such as sending and receiving values to both
    dashboards and co-processors.</description>
  </tagDescription>
  <tagDescription>
    <name>Simulation</name>
    <description>Examples that can be run in simulation.</description>
  </tagDescription>-->
  <tagDescription>
	<name>Getting Started with RobotPy</name>
	<description>Examples for getting started with RobotPy</description>
  </tagDescription>

  <tagDescription>
    <name>Actuators</name>
    <description>Example programs that demonstrate the use of various actuators</description>
  </tagDescription>

  <tagDescription>
    <name>Analog</name>
    <description>Examples programs that show different uses of analog inputs, 
      outputs and various analog sensors</description>
  </tagDescription>

  <tagDescription>
    <name>CAN</name>
    <description>Example programs that demonstrate the use of the CAN components in the control system</description>
  </tagDescription>

  <tagDescription>
    <name>Complete List</name>
    <description>Complete list of all sample programs across all categories</description>
  </tagDescription>

  <tagDescription>
    <name>Digital</name>
    <description>Example programs that demonstrate the sensors that use the digital I/O ports</description>
  </tagDescription>

  <tagDescription>
    <name>I2C</name>
    <description>Example programs that demonstrate the use of I2C and various sensors that use it</description>
  </tagDescription>

  <tagDescription>
    <name>Joystick</name>
    <description>Example programs that demonstate different uses of joysticks for robot driving</description>
  </tagDescription>

  <tagDescription>
    <name>Pneumatics</name>
    <description>Example programs that demonstrate the use of the compressor and solenoids</description>
  </tagDescription>

  <tagDescription>
    <name>Robot and Motor</name>
    <description>Example programs that demonstrate driving a robot and motors including safety, servos, etc.</description>
  </tagDescription>

  <tagDescription>
    <name>SPI</name>
    <description>Example programs that demonstrate the use of the SPI bus and sensors that connect to it</description>
  </tagDescription>

  <tagDescription>
    <name>Safety</name>
    <description>Example programs that demonstate the motor safety classes and how to use them with your programs</description>
  </tagDescription>

  <tagDescription>
    <name>Sensors</name>
    <description>Example programs that demonstrate the use of the various commonly used sensors on FRC robots</description>
  </tagDescription>

  <tagDescription>
    <name>Vision</name>
    <description>Example programs that demonstrate the use of USB Cameras and image processing</description>
  </tagDescription>

  <example>
	<name>Getting Started</name>
	<description>An example program which demonstrates the simplest autonomous and
	teleoperated routines.</description>
	<tags>
	  <tag>Getting Started with RobotPy</tag>
	</tags>
	<packages>
	  <package>src</package>
	</packages>
	<files>
	  <file source="examples/GettingStarted/robot.py"
			destination="src/robot.py"></file>
	</files>
  </example>

 <example>
  <name>Tank Drive</name>
  <description>Demonstrate the use of the RobotDrive class doing teleop driving with tank steering</description>
  <tags>
    <tag>Actuators</tag>
    <tag>Complete List</tag>
    <tag>Joystick</tag>
    <tag>Robot and Motor</tag>
    <tag>Safety</tag>
  </tags>
  <packages>
    <package>src</package>
  </packages>
  <files>
    <file source="examples/TankDrive/robot.py"
      destination="src/robot.py"></file>
  </files>
  </example>

 <example>
  <name>Mecanum Drive</name>
  <description>Demonstrate the use of the RobotDrive class doing teleop driving with Mecanum steering</description>
  <tags>
    <tag>Actuators</tag>
    <tag>Complete List</tag>
    <tag>Joystick</tag>
    <tag>Robot and Motor</tag>
    <tag>Safety</tag>
  </tags>
  <packages>
    <package>src</package>
  </packages>
  <files>
    <file source="examples/MecanumDrive/robot.py"
      destination="src/robot.py"></file>
  </files>
  </example>


 <example>
  <name>Motor Controller</name>
  <description>Demonstrate controlling a single motor with a joystick</description>
  <tags>
    <tag>Actuators</tag>
    <tag>Complete List</tag>
    <tag>Joystick</tag>
    <tag>Robot and Motor</tag>
  </tags>
  <packages>
    <package>src</package>
  </packages>
  <files>
    <file source="examples/MotorControl/robot.py"
      destination="src/robot.py"></file>
  </files>
 </example>
 <example>
  <name>CAN Talon SRX</name>
  <description>Demonstrate running a Talon SRX with the basic throttle mode.</description>
  <tags>
    <tag>Actuators</tag>
    <tag>Complete List</tag>
    <tag>Robot and Motor</tag>
  </tags>
  <packages>
    <package>src</package>
  </packages>
  <files>
    <file source="examples/CANTalon/robot.py"
      destination="src/robot.py"></file>
  </files>
 </example>

 <example>
  <name>CAN Talon SRX PID</name>
  <description>Demonstrate running a Talon SRX with PID Closed Loop control.</description>
  <tags>
    <tag>Actuators</tag>
    <tag>Complete List</tag>
    <tag>Robot and Motor</tag>
  </tags>
  <packages>
    <package>src</package>
  </packages>
  <files>
    <file source="examples/CANTalonPID/robot.py"
      destination="src/robot.py"></file>
  </files>
  </example>

  <tagDescription>
    <name>CommandBased Robot</name>
    <description>Examples for CommandBased robot programs.</description>
  </tagDescription>

  <example>
    <name>GearsBot</name>
    <description>A fully functional example CommandBased program for WPIs GearsBot robot. This code can run on your computer if it supports simulation.</description>
    <tags>
      <tag>CommandBased Robot</tag>
    </tags>
    <world>/usr/share/frcsim/worlds/GearsBotDemo.world</world>
    <packages>
      <package>src</package>
      <package>src/commands</package>
      <package>src/subsystems</package>
    </packages>
    <files>
      <file source="examples/GearsBot/OI.py" destination="src/OI.py"></file>
      <file source="examples/GearsBot/robot.py" destination="src/robot.py"></file>
      <file source="examples/GearsBot/commands/__init__.py" destination="src/commands/__init__.py"></file>
      <file source="examples/GearsBot/commands/autonomous.py" destination="src/commands/autonomous.py"></file>
      <file source="examples/GearsBot/commands/close_claw.py" destination="src/commands/close_claw.py"></file>
      <file source="examples/GearsBot/commands/drive_straight.py" destination="src/commands/drive_straight.py"></file>
      <file source="examples/GearsBot/commands/open_claw.py" destination="src/commands/open_claw.py"></file>
      <file source="examples/GearsBot/commands/pickup.py" destination="src/commands/pickup.py"></file>
      <file source="examples/GearsBot/commands/place.py" destination="src/commands/place.py"></file>
      <file source="examples/GearsBot/commands/prepare_to_pickup.py" destination="src/commands/prepare_to_pickup.py"></file>
      <file source="examples/GearsBot/commands/set_distance_to_box.py" destination="src/commands/set_distance_to_box.py"></file>
      <file source="examples/GearsBot/commands/set_elevator_setpoint.py" destination="src/commands/set_elevator_setpoint.py"></file>
      <file source="examples/GearsBot/commands/set_wrist_setpoint.py" destination="src/commands/set_wrist_setpoint.py"></file>
      <file source="examples/GearsBot/commands/tank_drive_with_joystick.py" destination="src/commands/tank_drive_with_joystick.py"></file>
      <file source="examples/GearsBot/subsystems/__init__.py" destination="src/subsystems/__init__.py"></file>
      <file source="examples/GearsBot/subsystems/claw.py" destination="src/subsystems/claw.py"></file>
      <file source="examples/GearsBot/subsystems/drivetrain.py" destination="src/subsystems/drivetrain.py"></file>
      <file source="examples/GearsBot/subsystems/elevator.py" destination="src/subsystems/elevator.py"></file>
      <file source="examples/GearsBot/subsystems/wrist.py" destination="src/subsystems/wrist.py"></file>
    </files>
  </example>

  <example>
    <name>PacGoat</name>
    <description>A fully functional example CommandBased program for FRC Team 190&#39;s 2014 robot. This code can run on your computer if it supports simulation.</description>
    <tags>
      <tag>CommandBased Robot</tag>
    </tags>
    <world>/usr/share/frcsim/worlds/PacGoat2014.world</world>
    <packages>
      <package>src</package>
      <package>src/commands</package>
      <package>src/subsystems</package>
      <package>src/triggers</package>
    </packages>
    <files>
      <file source="examples/pacgoat/oi.py"
            destination="src/oi.py"></file>
      <file source="examples/pacgoat/robot.py"
            destination="src/robot.py"></file>
      <file source="examples/pacgoat/commands/__init__.py"
            destination="src/commands/__init__.py"></file>
      <file source="examples/pacgoat/commands/check_for_hot_goal.py"
            destination="src/commands/check_for_hot_goal.py"></file>
      <file source="examples/pacgoat/commands/close_claw.py"
            destination="src/commands/close_claw.py"></file>
      <file source="examples/pacgoat/commands/collect.py"
            destination="src/commands/collect.py"></file>
      <file source="examples/pacgoat/commands/drive_and_shoot_autonomous.py"
            destination="src/commands/drive_and_shoot_autonomous.py"></file>
      <file source="examples/pacgoat/commands/drive_forward.py"
            destination="src/commands/drive_forward.py"></file>
      <file source="examples/pacgoat/commands/drive_with_joystick.py"
            destination="src/commands/drive_with_joystick.py"></file>
      <file source="examples/pacgoat/commands/extend_shooter.py"
            destination="src/commands/extend_shooter.py"></file>
      <file source="examples/pacgoat/commands/low_goal.py"
            destination="src/commands/low_goal.py"></file>
      <file source="examples/pacgoat/commands/open_claw.py"
            destination="src/commands/open_claw.py"></file>
      <file source="examples/pacgoat/commands/set_collection_speed.py"
            destination="src/commands/set_collection_speed.py"></file>
      <file source="examples/pacgoat/commands/set_pivot_setpoint.py"
            destination="src/commands/set_pivot_setpoint.py"></file>
      <file source="examples/pacgoat/commands/shoot.py"
            destination="src/commands/shoot.py"></file>
      <file source="examples/pacgoat/commands/wait_for_ball.py"
            destination="src/commands/wait_for_ball.py"></file>
      <file source="examples/pacgoat/commands/wait_for_pressure.py"
            destination="src/commands/wait_for_pressure.py"></file>
      <file source="examples/pacgoat/subsystems/__init__.py"
            destination="src/subsystems/__init__.py"></file>
      <file source="examples/pacgoat/subsystems/collector.py"
            destination="src/subsystems/collector.py"></file>
      <file source="examples/pacgoat/subsystems/drivetrain.py"
            destination="src/subsystems/drivetrain.py"></file>
      <file source="examples/pacgoat/subsystems/pivot.py"
            destination="src/subsystems/pivot.py"></file>
      <file source="examples/pacgoat/subsystems/pneumatics.py"
            destination="src/subsystems/pneumatics.py"></file>
      <file source="examples/pacgoat/subsystems/shooter.py"
            destination="src/subsystems/shooter.py"></file>
      <file source="examples/pacgoat/triggers/__init__.py"
            destination="src/triggers/__init__.py"></file>
      <file source="examples/pacgoat/triggers/double_button.py"
            destination="src/triggers/double_button.py"></file>
    </files>
  </example>

  <example>
    <name>Simple Vision</name>
    <description>Demonstrate the use of the CameraServer class to stream from a USB Webcam without processing the images.</description>
    <tags>
      <tag>Vision</tag>
    </tags>
    <packages>
      <package>src</package>
    </packages>
    <files>
      <file source="examples/QuickVision/robot.py"
        destination="src/robot.py"></file>
    </files>
  </example>
<!--
  <example>
    <name>Intermediate Vision</name>
    <description>Demonstrate the use of the NIVision class to capture image from a Webcam, process them, and then send them to the dashboard.</description>
    <tags>
      <tag>Vision</tag>
    </tags>
    <packages>
      <package>src</package>
    </packages>
    <files>
      <file source="examples/IntermediateVision/robot.py"
        destination="src/robot.py"></file>
    </files>
  </example>
-->
</examples>
